Title,Authors,Body,Created
note1,"KF Admin, Arnaldo Bardolia",Pankti Bardolia Pankti Pink Pankti Pink,"5/21/2020, 3:54:47 AM"
note2,KF Admin,,"5/21/2020, 3:55:19 AM"
note3,KF Admin,,"5/21/2020, 3:56:01 AM"
note4,KF Admin,Pankti Blue Pankti Blue Pankti Blue,"5/21/2020, 5:18:16 PM"
note5,KF Admin,Pankti Pink Pankti Pink Pankti Pink,"5/21/2020, 5:20:44 PM"
test 1,KF Admin,,"6/15/2020, 7:57:58 PM"
test 2,KF Admin,This is Test 2,"6/15/2020, 7:58:15 PM"
Riseabove,KF Admin,,"6/15/2020, 7:58:46 PM"
riseAbove test 1,KF Admin,"Hii, My first riseAbove 1, 2, 3","6/15/2020, 8:02:45 PM"
test singapore 1,Pankti Bardolia,Singapore local 1,"6/15/2020, 9:04:37 PM"
test singapore 2,Pankti Bardolia,Singapore 2,"6/15/2020, 9:05:10 PM"
Riseabove,Pankti Bardolia,I am contributing,"6/15/2020, 9:05:51 PM"
test singapore riseabove 2,Pankti Bardolia,rise Above test2,"6/15/2020, 10:24:32 PM"
test singapore 21,Pankti Bardolia,Second test case,"6/15/2020, 10:24:39 PM"
test singapore 22,Pankti Bardolia,2nd test case,"6/15/2020, 10:25:12 PM"
debug point RiseAbove,Pankti Bardolia,hello,"6/15/2020, 11:13:37 PM"
Final test,Pankti Bardolia,Final Test,"6/15/2020, 11:37:44 PM"
Riseabove,Pankti Bardolia,,"6/15/2020, 11:39:16 PM"
final test 1,Pankti Bardolia,First note,"6/15/2020, 11:40:17 PM"
final test 2,Pankti Bardolia,asdasdasd,"6/15/2020, 11:42:56 PM"
final test 3,Pankti Bardolia,"Should work now
[ -- ]","6/15/2020, 11:43:10 PM"
Riseabove,Pankti Bardolia,,"6/15/2020, 11:43:52 PM"
note 4,Pankti Bardolia,jhellop p ainsocaosbca,"6/15/2020, 11:46:28 PM"
Riseabove,Pankti Bardolia,vjhvh.vkj,"6/15/2020, 11:47:01 PM"
Riseabove,Pankti Bardolia,,"6/15/2020, 11:48:58 PM"
hello should work,Pankti Bardolia,gjgclgclgl,"6/15/2020, 11:49:37 PM"
hello 123,Pankti Bardolia,Nice try,"6/15/2020, 11:52:36 PM"
hey hey 123,Pankti Bardolia,Nice try,"6/15/2020, 11:52:55 PM"
ra ra,Pankti Bardolia,asdasda,"6/15/2020, 11:54:02 PM"
Riseabove,Pankti Bardolia,,"6/15/2020, 11:55:10 PM"
Riseabove,Pankti Bardolia,"m,lbljb'b bkjbhkvgjv","6/15/2020, 11:55:37 PM"
test Note 1,KF Admin,test Note 1. My Note 1 for test.nbkhbk,"6/22/2020, 8:55:25 AM"
test buildon 1,KF Admin,This should build on test Note 1,"6/22/2020, 8:56:14 AM"
test buildOn 2,KF Admin,"should build on test buildOn 1
[ - It should work- ]
[ -- ]","6/22/2020, 9:36:06 AM"
build on hey hey 123,KF Admin,Hello ! My build on should work,"6/22/2020, 9:37:09 AM"
Test 123,KF Admin,Test note 123,"6/22/2020, 10:25:52 AM"
should Build on test 123,KF Admin,should Build on test 123,"6/22/2020, 10:37:00 AM"
asdsad,KF Admin,"asdasda
[ -- ]","6/22/2020, 10:38:29 AM"
test 5,KF Admin,testing qwerty,"6/22/2020, 11:44:19 AM"
new buildon,KF Admin,buildon on on,"6/22/2020, 11:45:11 AM"
buildsOn 8cc,KF Admin,should be 8cc,"6/22/2020, 1:25:09 PM"
build on note 1,KF Admin,should work!!,"6/22/2020, 1:49:36 PM"
2nd hierarchy test,KF Admin,"Hiii,
Should work!","6/22/2020, 1:50:33 PM"
latest test 1,KF Admin,latest test 1,"6/22/2020, 2:07:51 PM"
myNote 123,KF Admin,hello note 123,"6/22/2020, 2:10:21 PM"
build on note 123,KF Admin,should work,"6/22/2020, 2:11:20 PM"
singapore buildon,KF Admin,singapore buildon,"6/22/2020, 3:35:08 PM"
Hey,KF Admin,[ - asdf- ],"6/22/2020, 10:21:47 PM"
Hello Pankti,KF Admin,hello Pankti,"6/23/2020, 1:48:33 PM"
Hey buildOn,KF Admin,[ - Hello- ],"6/29/2020, 5:32:22 PM"
