ID,Title,Body,Created
5ec633bf9d463143d4866595,Welcome,,"5/21/2020, 3:54:39 AM"
5ec633c79d463143d48665ba,note1,Pankti Bardolia Pankti Pink Pankti Pink,"5/21/2020, 3:54:47 AM"
5ec633e79d463143d48665c5,note2,,"5/21/2020, 3:55:19 AM"
5ec634119d463143d48665d0,note3,,"5/21/2020, 3:56:01 AM"
5ec6f01850791b35c3587689,note4,Pankti Blue Pankti Blue Pankti Blue,"5/21/2020, 5:18:16 PM"
5ec6f0ac50791b35c3587694,note5,Pankti Pink Pankti Pink Pankti Pink,"5/21/2020, 5:20:44 PM"
5ee80b06f8871020a3d82da2,test 1,,"6/15/2020, 7:57:58 PM"
5ee80b17f8871020a3d82daf,test 2,This is Test 2,"6/15/2020, 7:58:15 PM"
5ee80b36f8871020a3d82dbe,riseabove:,,"6/15/2020, 7:58:46 PM"
5ee80b36f8871020a3d82dc0,Riseabove,,"6/15/2020, 7:58:46 PM"
5ee80c25f8871020a3d82dd7,riseabove:,,"6/15/2020, 8:02:45 PM"
5ee80c25f8871020a3d82dd9,riseAbove test 1,"Hii, My first riseAbove 1, 2, 3","6/15/2020, 8:02:45 PM"
5ee81aa5260b492cb372f4b9,test singapore 1,Singapore local 1,"6/15/2020, 9:04:37 PM"
5ee81ac6260b492cb372f4c6,test singapore 2,Singapore 2,"6/15/2020, 9:05:10 PM"
5ee81aef260b492cb372f4d3,riseabove:,,"6/15/2020, 9:05:51 PM"
5ee81aef260b492cb372f4d5,Riseabove,I am contributing,"6/15/2020, 9:05:51 PM"
5ee82d60260b492cb372f4f6,riseabove:,,"6/15/2020, 10:24:32 PM"
5ee82d60260b492cb372f4f8,test singapore riseabove 2,rise Above test2,"6/15/2020, 10:24:32 PM"
5ee82d67260b492cb372f4ff,test singapore 21,Second test case,"6/15/2020, 10:24:39 PM"
5ee82d88260b492cb372f50c,test singapore 22,2nd test case,"6/15/2020, 10:25:12 PM"
5ee838e1260b492cb372f53e,riseabove:,,"6/15/2020, 11:13:37 PM"
5ee838e1260b492cb372f540,debug point RiseAbove,hello,"6/15/2020, 11:13:37 PM"
5ee83e883ae18e4270dbce11,riseabove:,,"6/15/2020, 11:37:44 PM"
5ee83e883ae18e4270dbce13,Final test,Final Test,"6/15/2020, 11:37:44 PM"
5ee83ee33ae18e4270dbce32,riseabove:,,"6/15/2020, 11:39:15 PM"
5ee83ee43ae18e4270dbce34,Riseabove,,"6/15/2020, 11:39:16 PM"
5ee83f213ae18e4270dbce47,final test 1,First note,"6/15/2020, 11:40:17 PM"
5ee83fc03ae18e4270dbce5f,final test 2,asdasdasd,"6/15/2020, 11:42:56 PM"
5ee83fce3ae18e4270dbce6a,final test 3,"Should work now
[ -- ]","6/15/2020, 11:43:10 PM"
5ee83ff83ae18e4270dbce7e,riseabove:,,"6/15/2020, 11:43:52 PM"
5ee83ff83ae18e4270dbce80,Riseabove,,"6/15/2020, 11:43:52 PM"
5ee840943ae18e4270dbce97,note 4,jhellop p ainsocaosbca,"6/15/2020, 11:46:28 PM"
5ee840b53ae18e4270dbcea4,riseabove:,,"6/15/2020, 11:47:01 PM"
5ee840b53ae18e4270dbcea6,Riseabove,vjhvh.vkj,"6/15/2020, 11:47:01 PM"
5ee8412a3ae18e4270dbcec6,riseabove:,,"6/15/2020, 11:48:58 PM"
5ee8412a3ae18e4270dbcec8,Riseabove,,"6/15/2020, 11:48:58 PM"
5ee841513ae18e4270dbcee1,riseabove:,,"6/15/2020, 11:49:37 PM"
5ee841513ae18e4270dbcee3,hello should work,gjgclgclgl,"6/15/2020, 11:49:37 PM"
5ee842043ae18e4270dbcf0b,hello 123,Nice try,"6/15/2020, 11:52:36 PM"
5ee842173ae18e4270dbcf16,hey hey 123,Nice try,"6/15/2020, 11:52:55 PM"
5ee8425a3ae18e4270dbcf26,riseabove:,,"6/15/2020, 11:54:02 PM"
5ee8425a3ae18e4270dbcf28,ra ra,asdasda,"6/15/2020, 11:54:02 PM"
5ee8429d3ae18e4270dbcf48,riseabove:,,"6/15/2020, 11:55:09 PM"
